,fulltext
0,google.com
1,facebook.com
2,baidu.com
3,wikipedia.org
4,reddit.com
5,yahoo.com
6,google.co.in
7,qq.com
8,taobao.com
9,amazon.com
10,tmall.com
11,twitter.com
12,vk.com
13,instagram.com
14,sohu.com
15,google.co.jp
16,sina.com.cn
17,live.com
18,jd.com
19,360.cn
20,weibo.com
21,google.de
22,google.co.uk
23,google.com.br
24,yandex.ru
25,netflix.com
26,google.ru
27,google.fr
28,twitch.tv
29,login.tmall.com
30,pornhub.com
31,xvideos.com
32,google.it
33,alipay.com
34,google.com.hk
35,google.es
36,google.com.mx
37,google.ca
38,ebay.com
39,yahoo.co.jp
40,bing.com
41,ok.ru
42,hao123.com
43,t.co
44,imgur.com
45,wikia.com
46,pages.tmall.com
47,linkedin.com
48,microsoft.com
49,imdb.com
50,aliexpress.com
51,mail.ru
52,tumblr.com
53,wordpress.com
54,msn.com
55,deloton.com
56,google.com.tr
57,xhamster.com
58,google.com.au
59,office.com
60,blogspot.com
61,amazon.co.jp
62,csdn.net
63,google.pl
64,google.com.tw
65,popads.net
66,whatsapp.com
67,soso.com
68,so.com
69,paypal.com
70,google.co.id
71,livejasmin.com
72,github.com
73,apple.com
74,bongacams.com
76,stackoverflow.com
77,xnxx.com
78,pinterest.com
79,amazon.de
80,savefrom.net
81,google.com.ar
82,tribunnews.com
83,google.com.eg
84,google.co.th
85,diply.com
86,amazon.co.uk
87,adobe.com
88,google.com.sa
90,tianya.cn
91,detail.tmall.com
92,pixnet.net
93,chaturbate.com
94,threadsphere.bid
95,craigslist.org
96,thestartmagazine.com
97,amazon.in
98,nicovideo.jp
99,roblox.com
100,bbc.co.uk
101,onlinesbi.com
102,youth.cn
104,soundcloud.com
105,dailymotion.com
106,bbc.com
107,txxx.com
108,dropbox.com
109,google.nl
111,google.co.ve
112,openload.co
113,google.com.ua
114,rakuten.co.jp
115,booking.com
116,google.com.pk
117,ebay.de
118,espn.com
119,steamcommunity.com
120,softonic.com
121,discordapp.com
122,google.co.za
123,mediafire.com
124,amazonaws.com
125,cnn.com
126,nytimes.com
127,ask.com
128,detik.com
129,xinhuanet.com
130,quora.com
131,spotify.com
132,fc2.com
133,fbcdn.net
134,chase.com
135,k618.cn
136,ettoday.net
137,google.com.ph
138,douyu.com
139,vimeo.com
140,google.gr
142,google.az
143,stackexchange.com
144,doubleclick.net
145,google.se
146,deviantart.com
147,ebay.co.uk
148,avito.ru
149,rumble.com
150,google.com.vn
151,google.com.co
152,google.be
153,bet9ja.com
154,nih.gov
155,google.com.sg
156,mozilla.org
157,vice.com
158,4chan.org
159,cnet.com
160,theguardian.com
161,redd.it
162,tokopedia.com
163,aparat.com
164,google.cn
165,steampowered.com
166,gamepedia.com
167,gmw.cn
168,google.co.ao
169,sogou.com
170,flipkart.com
171,providr.com
172,dailymail.co.uk
173,coinmarketcap.com
174,google.at
175,ntd.tv
176,yelp.com
177,wease.im
178,mercadolivre.com.br
179,alibaba.com
180,onlinevideoconverter.com
181,slideshare.net
182,globo.com
183,zhihu.com
184,walmart.com
185,mega.nz
186,google.ro
187,spankbang.com
188,yts.am
189,etsy.com
190,google.com.pe
191,wikihow.com
192,redtube.com
193,1688.com
194,google.com.ng
195,google.cz
196,mama.cn
197,ladbible.com
198,babytree.com
199,hicpm10.com
200,google.ch
201,eastday.com
202,google.no
204,google.ae
205,recessary.com
206,amazon.fr
207,google.pt
208,buzzfeed.com
209,youporn.com
210,nownews.com
211,fapmeth.com
212,nextoptim.com
213,indeed.com
214,messenger.com
215,digikala.com
216,scribd.com
217,theepochtimes.com
218,metropcs.mobi
219,uol.com.br
220,bankofamerica.com
221,hulu.com
222,bet365.com
223,amazon.it
224,google.dz
225,w3schools.com
226,china.com.cn
227,doublepimpssl.com
228,wellsfargo.com
229,bukalapak.com
230,speedtest.net
231,hclips.com
232,ikea.com
233,dmm.co.jp
234,gamespot.com
235,rambler.ru
236,google.cl
237,kinopoisk.ru
238,gfycat.com
239,indiatimes.com
240,vudsy.com
241,naver.com
242,tripadvisor.com
243,zillow.com
244,godaddy.com
245,livejournal.com
246,intuit.com
247,kompas.com
248,ebay-kleinanzeigen.de
249,exoclick.com
250,adexchangemachine.com
251,caijing.com.cn
252,gearbest.com
254,google.ie
255,newstrend.news
256,irctc.co.in
257,zippyshare.com
258,blogger.com
259,upornia.com
260,telegram.org
261,sciencedirect.com
262,rutracker.org
264,archive.org
265,youm7.com
266,google.dk
267,leboncoin.fr
268,ltn.com.tw
269,abs-cbn.com
270,weather.com
271,google.hu
272,1337x.to
273,liputan6.com
274,lifedaily.com
275,huanqiu.com
276,utorrent.com
277,wikimedia.org
278,researchgate.net
279,spotscenered.info
280,china.com
281,people.com.cn
282,ouo.io
283,washingtonpost.com
284,popcash.net
285,duckduckgo.com
286,google.co.kr
287,google.fi
288,9gag.com
289,kakaku.com
290,allegro.pl
291,amazon.es
292,xx1.me
293,foxnews.com
294,google.co.il
295,xfinity.com
296,hdzog.com
298,haber7.com
299,blastingnews.com
300,google.sk
301,bestbuy.com
302,huffingtonpost.com
303,amazon.cn
304,web.de
305,perfecttoolmedia.com
306,aol.com
308,sberbank.ru
309,gmx.net
310,varzesh3.com
311,sabah.com.tr
312,myway.com
313,ameblo.jp
314,salesforce.com
315,h8vzwpv.com
316,rrbonlinereg.com
317,files.wordpress.com
318,digitaldsp.com
319,ci123.com
320,siteadvisor.com
321,thesaurus.com
322,amazon.ca
323,battle.net
324,waudeesestew.com
325,rarbg.to
326,line.me
327,ign.com
328,breitbart.com
329,quizlet.com
330,google.kz
331,airbnb.com
332,list.tmall.com
333,blackboard.com
334,setn.com
335,ultimate-guitar.com
336,rt.com
337,samsung.com
338,goodreads.com
340,reverso.net
341,iqiyi.com
342,medium.com
343,bitauto.com
344,olx.ua
345,mmoframes.com
346,livescore.com
347,livedoor.com
348,doublepimp.com
349,dkn.tv
350,ndtv.com
351,orange.fr
352,rednet.cn
354,youdao.com
355,uptodown.com
356,patreon.com
357,udemy.com
358,outbrain.com
359,canva.com
360,asos.com
361,freepik.com
362,go.com
363,capitalone.com
365,weebly.com
366,accuweather.com
367,flickr.com
368,shutterstock.com
369,wowhead.com
370,eyny.com
371,hdfcbank.com
372,rrbonlinereg.in
373,wetransfer.com
374,kooora.com
375,primevideo.com
376,google.com.kw
377,pipeschannels.com
378,hitcpm.com
379,elfagr.com
380,slack.com
381,binance.com
382,wordreference.com
383,chinadaily.com.cn
384,momoshop.com.tw
385,ria.ru
386,playstation.com
387,nyaa.si
388,onet.pl
389,trello.com
390,gismeteo.ru
391,t-online.de
392,friv.com
393,iezbrowsing.com
394,target.com
395,userapi.com
396,pinimg.com
397,iqoption.com
398,velocecdn.com
399,aliyun.com
400,americanexpress.com
401,homedepot.com
402,instructure.com
403,nike.com
404,manoramaonline.com
405,slickdeals.net
406,seasonvar.ru
407,wp.pl
408,icloud.com
409,nextlnk1.com
410,blog.jp
411,hp.com
412,sourceforge.net
413,free.fr
414,uidai.gov.in
415,beeg.com
416,uzone.id
417,mercadolibre.com.ar
418,wish.com
419,bles.com
420,banggood.com
421,kapanlagi.com
422,okdiario.com
423,yao.tmall.com
424,feedly.com
425,discogs.com
426,vporn.com
427,force.com
428,usps.com
429,businessinsider.com
430,patch.com
431,addroplet.com
432,cambridge.org
433,gstatic.com
434,v3rjvtt.com
435,google.bg
436,skype.com
437,sharepoint.com
438,icicibank.com
439,sindonews.com
440,thewhizmarketing.com
441,ebay.it
442,sarkariresult.com
443,t.me
444,cnzz.com
445,linkshrink.net
446,yourporn.sexy
447,espncricinfo.com
449,rarbg.is
450,repubblica.it
451,ajkzd9h.com
452,wix.com
453,marca.com
454,lie2anyone.com
455,office365.com
456,ebc.net.tw
457,asus.com
458,superappbox.com
459,pikabu.ru
460,google.lk
461,ucontrate.com
462,17ok.com
463,elpais.com
464,oload.site
465,shaparak.ir
466,billdesk.com
467,citi.com
468,wattpad.com
469,58.com
470,ouedkniss.com
471,seznam.cz
472,g3j2wzmon8b.com
473,pathofexile.com
474,fiverr.com
475,springer.com
476,olx.pl
477,cnblogs.com
478,appledaily.com
479,zhanqi.tv
480,media.tumblr.com
481,genius.com
482,wiley.com
483,xda-developers.com
484,bldaily.com
485,51sole.com
486,dell.com
487,flvto.biz
488,giphy.com
489,mercadolibre.com.mx
490,taringa.net
491,glassdoor.com
492,mit.edu
493,informationvine.com
494,kinogo.cc
495,google.rs
496,convert2mp3.net
497,propaganda-eg.com
498,premierleague.com
499,cricbuzz.com
500,mi.com
501,onedio.com
502,goo.ne.jp
503,tamilrockers.gr
504,idntimes.com
505,albawabhnews.com
506,bestadbid.com
508,fmovies.se
510,patria.org.ve
511,google.by
512,theverge.com
513,ebay.com.au
514,jrj.com.cn
515,hola.com
516,hcg82f2b.com
517,google.co.nz
518,wiktionary.org
519,kaskus.co.id
520,rediff.com
521,y8.com
522,bandcamp.com
523,bitmedianetwork.com
524,chip.de
525,tube8.com
526,drom.ru
527,readms.net
528,google.com.ly
529,pixabay.com
530,wordpress.org
531,elmogaz.com
532,ruliweb.com
533,pantip.com
534,spiegel.de
535,scribol.com
536,avgle.com
537,tradingview.com
538,urbandictionary.com
539,nextlnk2.com
540,reundcwkqvctq.com
541,nur.kz
542,sahibinden.com
543,torrentz2.eu
544,google.com.do
545,prothomalo.com
546,4shared.com
547,namnak.com
548,naver.jp
549,adhoc2.net
550,taboola.com
551,mobafire.com
552,biobiochile.cl
553,viralvideos.pro
554,paytm.com
555,torrent9.red
556,sex.com
557,voc.com.cn
558,adexchangecloud.com
559,uploaded.net
560,webmd.com
561,debate.com.mx
562,usatoday.com
563,hotstar.com
564,gogoanime.io
565,filehippo.com
566,caliente.mx
567,zendesk.com
568,ck101.com
569,discover.com
570,thebalance.com
571,libero.it
572,naija.ng
573,google.hr
574,dmm.com
575,chegg.com
576,behance.net
577,google.com.mm
578,webgains.com
579,yandex.ua
580,dictionary.com
581,hm.com
582,gyazo.com
583,mailchimp.com
584,newegg.com
585,eanswers.com
586,rutube.ru
587,freejobalert.com
588,irs.gov
589,telegraph.co.uk
590,mathrubhumi.com
591,epicgames.com
592,merdeka.com
593,independent.co.uk
594,5ch.net
595,groupon.com
596,gizmodo.com
597,olx.com.br
598,oracle.com
599,t9tgnbqs.top
600,sabq.org
601,pinterest.co.uk
602,expedia.com
603,flirt4free.com
604,hespress.com
605,bild.de
606,gsmarena.com
607,taleo.net
608,cinecalidad.to
609,kinokrad.co
610,addthis.com
611,elsevier.com
612,ensonhaber.com
613,best2017games.com
614,kissasian.ch
615,mawdoo3.com
616,ieee.org
617,stockstar.com
618,rapidgator.net
619,lenta.ru
620,yenisafak.com
621,firefox.com
622,upwork.com
623,animeflv.net
624,nba.com
625,ivi.ru
626,baike.com
627,newsprofin.com
628,mobile.de
629,coinbase.com
630,divar.ir
631,sinoptik.ua
632,uptobox.com
633,hatena.ne.jp
634,urdupoint.com
635,brilio.net
636,vidio.com
637,att.com
638,naukri.com
639,mysearch.com
640,beytoote.com
641,wunderground.com
642,themeforest.net
643,calcch.com
644,npr.org
645,pandora.com
646,google.tn
647,comcast.net
649,archiveofourown.org
650,souq.com
651,icy-veins.com
652,blog.me
653,fidelity.com
654,smartadtags.com
655,epochtimes.com
656,drive2.ru
658,kizlarsoruyor.com
659,yaplakal.com
660,coursera.org
661,disqus.com
662,prezi.com
663,givemesport.com
664,thefreedictionary.com
666,zaful.com
667,vseigru.net
668,tvbs.com.tw
669,tutorialspoint.com
670,kijiji.ca
671,bancodevenezuela.com
672,evernote.com
673,ups.com
674,inquirer.net
675,getpocket.com
676,youjizz.com
677,tempo.co
678,academia.edu
680,livedoor.jp
681,namu.wiki
682,viralemon.com
683,realtor.com
684,kickstarter.com
685,wsj.com
686,tabelog.com
687,ccm.net
688,ca.gov
689,express.co.uk
690,searchencrypt.com
691,jsmentry.com
692,xtube.com
693,umblr.com
694,prize-v.com
695,lifehacker.com
696,as.com
697,injuredcandy.com
698,163.com
699,goal.com
700,verizonwireless.com
701,poe.trade
702,bloomberg.com
703,google.com.gt
704,mercadolibre.com.ve
705,daum.net
706,hurriyet.com.tr
707,norton.com
708,shopify.com
709,yandex.kz
710,emol.com
711,corriere.it
712,cam4.com
713,hotels.com
714,techradar.com
715,lapatilla.com
716,khanacademy.org
717,lifewire.com
718,flashscore.com
719,interia.pl
720,google.iq
721,artstation.com
722,ebay.fr
723,tmz.com
724,elmundo.es
725,gotporn.com
726,hqq.watch
727,zoho.com
728,voirfilms.ws
729,ruten.com.tw
730,google.com.ec
731,putrr14.com
732,gosuslugi.ru
733,investopedia.com
734,mobile01.com
735,op.gg
736,pastebin.com
737,qingdaonews.com
738,allocine.fr
739,pchome.com.tw
740,motherless.com
741,lolesports.com
742,weblio.jp
743,bzw315.com
744,sonyentertainmentnetwork.com
745,lemonde.fr
746,squarespace.com
747,lifestion.info
748,knowyourmeme.com
749,lenovo.com
750,xe.com
751,chess.com
752,myfreecams.com
753,douban.com
754,google.lt
756,ea.com
757,4399.com
758,kino-hd1080.ru
759,fbsbx.com
760,prpops.com
761,subject.tmall.com
762,zk.fm
763,4pda.ru
764,vlive.tv
765,latimes.com
766,3c.tmall.com
767,list-manage.com
768,ukr.net
769,gome.com.cn
770,reuters.com
771,subito.it
772,fedex.com
773,dwatchseries.to
774,el-nacional.com
777,payae8moon9.com
778,lowes.com
779,time.com
780,elbalad.news
781,okcupid.com
782,stanford.edu
783,mp3teca.com
784,gmarket.co.kr
785,hltv.org
786,1chrm100218.ru
787,drudgereport.com
788,telewebion.com
789,xbox.com
790,mejortorrent.com
791,sarcasm.co
792,fanfiction.net
793,mmaaxx.com
794,engadget.com
795,eskimi.com
796,google.tm
797,turbobit.net
798,cnbc.com
799,mellowads.com
800,liveinternet.ru
801,duolingo.com
802,tomshardware.com
803,eksisozluk.com
804,sputniknews.com
805,kumparan.com
806,cqnews.net
807,104.com.tw
808,chouftv.ma
809,ecosia.org
810,jw.org
811,cdiscount.com
812,hitomi.la
814,tomsguide.com
815,bittrex.com
816,badoo.com
817,macys.com
818,zone-telechargement1.com
819,yifysubtitles.com
820,usaa.com
821,egy.best
822,leagueoflegends.com
823,thesun.co.uk
824,primewire.ag
825,uniqlo.tmall.com
827,nbcnews.com
828,kissanime.ru
829,allrecipes.com
830,cbsnews.com
831,nhl.com
832,southwest.com
833,avast.com
834,bleacherreport.com
835,iwanttodeliver.com
836,rbc.ru
837,g2a.com
838,eventbrite.com
839,mymovies.it
840,biblegateway.com
841,usnews.com
842,trafficshop.com
843,kayak.com
844,jeuxvideo.com
845,wp.com
846,nianhuo.tmall.com
847,jiameng.com
848,animeyt.tv
849,argaam.com
850,kinozal.tv
851,ask.fm
852,popmyads.com
853,infusionsoft.com
854,cimaclub.com
855,chinaz.com
856,redfin.com
857,internetdownloadmanager.com
858,plex.tv
859,google.si
860,ninisite.com
861,lefigaro.fr
862,zapmeta.ws
863,lazada.co.id
864,ticketmaster.com
865,nature.com
866,avg.com
867,hatenablog.com
868,rutor.info
869,zing.vn
870,blogfa.com
871,box.com
872,discuss.com.hk
873,python.org
874,google.com.af
875,voyeurhit.com
876,issuu.com
877,digitalprivacyalert.org
878,lazada.com.my
879,imagetwist.com
880,1and1.com
881,costco.com
882,nvzhuang.tmall.com
883,nfl.com
884,drtuber.com
885,cnnindonesia.com
886,vnexpress.net
887,surveymonkey.com
888,avito.ma
889,metropoles.com
890,dailycaller.com
891,awentw.com
892,myanmarload.com
893,instructables.com
894,lequipe.fr
895,downloadhelper.net
896,milliyet.com.tr
897,grammarly.com
898,mercari.com
899,udn.com
900,okta.com
901,quizzstar.com
902,fb.ru
903,indiamart.com
904,intel.com
905,mydrivers.com
906,digialm.com
907,goo.gl
908,buyma.com
909,smallpdf.com
910,asahi.com
911,mileroticos.com
912,nordstrom.com
913,24smi.info
914,socialblade.com
915,imagefap.com
916,kp.ru
917,1fichier.com
918,vesti.ru
919,eztv.ag
920,namasha.com
921,ibm.com
922,anybunny.mobi
923,solarmoviez.ru
924,echo.msk.ru
925,autodesk.com
926,ebay.in
927,harvard.edu
928,labanquepostale.fr
929,movie2free.com
930,kepuchina.cn
931,healthline.com
932,pirateproxy.sh
933,kissmanga.com
934,pussl23.com
935,google.com.my
936,hawaaworld.com
937,prom.ua
939,pron.tv
940,1tv.ru
942,meetup.com
943,hicpm5.com
944,telegraf.com.ua
945,limetorrents.cc
946,gazeta.ru
947,yespornplease.com
948,gismeteo.ua
949,creditkarma.com
950,h-98reale.com
951,td.com
952,bhphotovideo.com
953,chron.com
954,yandex.com.tr
956,familydoctor.com.cn
957,cbssports.com
958,hamariweb.com
959,2ch.net
960,roaring.earth
961,prnt.sc
962,howtogeek.com
963,ed.gov
964,merriam-webster.com
965,mangamura.org
966,pornpics.com
967,olx.in
968,ozon.ru
969,gazzetta.it
970,nvidia.com
971,dafont.com
972,wenxuecity.com
973,zougla.gr
974,speed-open2.com
975,appgasstation.com
976,rapidvideo.com
977,azlyrics.com
978,tilestwra.com
979,fullhdfilmizlesene.org
980,fandango.com
981,startpage.com
982,gazetaexpress.com
984,skysports.com
985,java.com
986,zara.com
987,porn.com
988,focus.de
989,hbogo.com
990,bodybuilding.com
991,thumbzilla.com
992,filmweb.pl
993,epwk.com
994,coursehero.com
995,v2ex.com
996,wargaming.net
997,adp.com
998,wayfair.com
999,fromdoctopdf.com
1000,agoda.com
1001,cda.pl
1002,rozetka.com.ua
1003,ifeng.com
1004,mathworks.com
1005,4cdn.org
1006,xhamsterlive.com
1007,wondershare.com
1008,delta.com
1009,digital-garant.ru
1010,pinterest.es
1011,ouo.press
1012,food.tmall.com
1013,beinsports.com
1014,www.gov.uk
1015,mlb.com
1016,deviantart.net
1017,livetv.sx
1018,lentainform.com
1019,ptt.cc
1020,superuser.com
1021,valuecommerce.com
1022,elwatannews.com
1023,justdial.com
1024,oload.stream
1025,kohls.com
1026,fishki.net
1027,pornmd.com
1028,livestrong.com
1029,ancestry.com
1030,brazzers.com
1031,lazada.co.th
1032,shopee.tw
1033,liquipedia.net
1034,nintendo.com
1036,timeanddate.com
1037,pcgamer.com
1038,jimdo.com
1040,ccleaner.com
1041,provincial.com
1042,yalla-shoot.com
1043,yallakora.com
1044,nypost.com
1045,wildberries.ru
1046,ixxx.com
1047,fanserials.cc
1048,rosegal.com
1049,airtel.in
1052,nametests.com
1053,canada.ca
1054,lazada.com.ph
1055,adme.ru
1056,humblebundle.com
1057,gumtree.com.au
1058,ccidnet.com
1059,donga.com
1060,abcnews.go.com
1061,worldstarhiphop.com
1062,freebitco.in
1063,chatwork.com
1064,putrr18.com
1065,welt.de
1066,qoolquiz.com
1067,trulia.com
1068,ficbook.net
1069,wikiwand.com
1070,eporner.com
1071,hmyquickconverter.com
1072,thevideo.me
1073,unblocked.sh
1074,easypdfcombine.com
1075,sfr.fr
1076,sonyliv.com
1077,myfitnesspal.com
1078,perfectgirls.net
1079,11st.co.kr
1080,tandfonline.com
1081,keepvid.com
1082,secureserver.net
1083,indianexpress.com
1084,trustpilot.com
1085,sporx.com
1086,curseforge.com
1087,blibli.com
1088,3sk.tv
1089,dailypakistan.com.pk
1090,investing.com
1091,europa.eu
1092,n11.com
1093,state.gov
1094,retailmenot.com
1095,ppy.sh
1097,yesky.com
1098,ranker.com
1099,usbank.com
1100,united.com
1101,makemytrip.com
1102,bamilo.com
1103,android.com
1104,tebyan.net
1105,dianping.com
1106,news.com.au
1107,scol.com.cn
1108,afreecatv.com
1109,etherscan.io
1110,uniqlo.com
1112,videodownloadconverter.com
1113,edx.org
1114,123movies.fun
1115,gmx.com
1116,himado.in
1117,snapdeal.com
1118,ashemaletube.com
1119,jianshu.com
1120,ilfattoquotidiano.it
1121,dw.com
1122,neobux.com
1123,camster.com
1124,auction.co.kr
1125,thingiverse.com
1126,hentaihaven.org
1127,otto.de
1128,jqw.com
1129,google.lv
1130,idnes.cz
1131,polygon.com
1132,bookmyshow.com
1133,mirror.co.uk
1134,elvenar.com
1135,wykop.pl
1136,nexon.com
1137,xunlei.com
1138,bitly.com
1139,8maple.ru
1140,custhelp.com
1141,zzrednet.cn
1142,cnbeta.com
1143,wikiwiki.jp
1144,championat.com
1145,camdolls.com
1146,torrent.cam
1147,elbotola.com
1148,google.com.pr
1149,takyake.ru
1150,href.li
1151,gfdfhdh5t5453.com
1152,okezone.com
1153,news18.com
1154,thespruce.com
1155,royalbank.com
1156,pof.com
1157,apkpure.com
1158,elzmannews.com
1159,reverb.com
1160,binarybusinessbay.com
1161,sakura.ne.jp
1162,mynet.com
1163,ebay.es
1164,crunchyroll.com
1166,aa.com
1167,thehill.com
1168,gnula.nu
1169,tnaflix.com
1170,playground.ru
1171,impress.co.jp
1172,abc.net.au
1173,techcrunch.com
1174,mediaset.it
1175,1337x.st
1176,hubspot.com
1177,libgen.io
1178,etorrent.co.kr
1179,fatosdesconhecidos.com.br
1180,myanimelist.net
1181,ryanair.com
1183,shahid4u.tv
1184,letras.mus.br
1185,cbc.ca
1186,tnt-online.ru
1187,gamer.com.tw
1188,kinogo.by
1191,alodokter.com
1192,fmovies.pe
1193,hh.ru
1194,higheurest.com
1195,ebay.ca
1196,rightmove.co.uk
1197,worldoftanks.ru
1198,dlsite.com
1199,tgbus.com
1200,andhrajyothy.com
1201,thehindu.com
1202,filmitorrent.org
1203,pexels.com
1204,steemit.com
1205,newstarads.com
1206,lostfilm.tv
1207,wiocha.pl
1208,metro.co.uk
1209,dawn.com
1210,berkeley.edu
1211,t-mobile.com
1212,onclickclear.com
1213,sapo.pt
1214,nutaku.net
1215,theatlantic.com
1216,fidonav.com
1217,cookpad.com
1218,codepen.io
1219,zomato.com
1220,ted.com
1221,gap.com
1222,huawei.com
1223,milanuncios.com
1224,bulbagarden.net
1225,paytm.in
1226,yandex.by
1227,hjenglish.com
1228,miui.com
1229,unity3d.com
1230,jjwxc.net
1231,iherb.com
1232,bolasport.com
1233,zdf.de
1234,weather.gov
1235,irecommend.ru
1236,smi2.ru
1237,pornhd.com
1238,uber.com
1239,thewhizproducts.com
1240,sci-hub.tw
1241,arxiv.org
1242,idealo.de
1243,suara.com
1244,askubuntu.com
1245,mynavi.jp
1246,yadi.sk
1247,dmv.org
1248,incometaxindiaefiling.gov.in
1249,csc.gov.in
1250,betradar.com
1251,hepsiburada.com
1252,segmentfault.com
1253,myntra.com
1254,study.com
1255,fotostrana.ru
1256,admaimai.com
1257,vtv.vn
1258,media-bucket.com
1259,psu.edu
1260,wuxiaworld.com
1261,geeksforgeeks.org
1262,telekom.com
1263,ebates.com
1264,turkiyeburslari.gov.tr
1265,bt.com
1266,igg-games.com
1267,talk2none.com
1268,online-convert.com
1269,starzplay.com
1270,internetspeedtracker.com
1271,geniuskitchen.com
1272,pelisplus.tv
1273,unrealengine.com
1274,xuite.net
1275,caixa.gov.br
1276,foodnetwork.com
1277,reallifecam.com
1278,zipbogo.net
1279,termometropolitico.it
1280,gumtree.com
1281,nate.com
1282,youku.com
1283,filmaffinity.com
1284,orf.at
1285,my.com
1286,tinder.com
1287,strava.com
1288,kino-teatr.ru
1289,pinterest.de
1290,mangareader.net
1291,india.com
1292,wizards.com
1293,nasa.gov
1294,torrenthaja.com
1295,att.net
1296,sankakucomplex.com
1297,pcmag.com
1298,kknews.cc
1299,tpbbay.eu
1300,clipconverter.cc
1301,furaffinity.net
1302,spectrum.net
1303,riafan.ru
1304,thoughtco.com
1305,qiita.com
1306,zhiding.cn
1307,vg.no
1308,paheal.net
1309,webtoons.com
1310,anjuke.com
1311,deezer.com
1312,adultfriendfinder.com
1313,r18.com
1314,asana.com
1315,porntrex.com
1316,emuparadise.me
1317,eroterest.net
1318,jamnews.com
1319,audible.com
1320,otomoto.pl
1321,opensubtitles.org
1322,protect-your-privacy.net
1323,e621.net
1324,ppomppu.co.kr
1325,ilmeteo.it
1326,marriott.com
1327,meituan.com
1328,sh.st
1329,marumaru.in
1330,ency-education.com
1331,jio.com
1332,dunia21.com
1333,minecraft.net
1334,airasia.com
1335,people.com
1336,twoo.com
1337,wetter.com
1338,correios.com.br
1339,insta-marketing.com
1340,gazeta.pl
1341,weibo.cn
1342,redbubble.com
1343,blizzard.com
1344,dagospia.com
1345,kicker.de
1347,gamewith.jp
1348,comicbook.com
1349,acs.org
1350,streamango.com
1351,rueconomics.ru
1352,javhd.com
1353,vanguard.com
1354,blogspot.my
1355,zoom.us
1356,dlbooks.to
1358,intoday.in
1359,biqle.ru
1360,moneycontrol.com
1361,javlibrary.com
1362,dream.co.id
1363,17173.com
1364,manhuagui.com
1365,streamcloud.eu
1366,kongregate.com
1367,sky.com
1368,tistory.com
1369,tripadvisor.co.uk
1370,cb01.zone
1371,pnc.com
1372,pinterest.fr
1373,porno365.xxx
1374,yjc.ir
1375,bhaskar.com
1376,rajasthan.gov.in
1377,poste.it
1378,privatbank.ua
1379,sfgate.com
1380,heise.de
1381,my-search.com
1383,nmisr.com
1384,01net.com
1385,mheducation.com
1386,dribbble.com
1387,last.fm
1388,vidzi.tv
1389,abril.com.br
1390,gameforge.com
1391,animevost.org
1392,ecollege.com
1393,firstpost.com
1394,bmi.ir
1395,otzovik.com
1396,nicehash.com
1397,narod.ru
1398,alnaharegypt.com
1399,mirtesen.ru
1400,viralcpm.com
1401,advertserve.com
1402,metacritic.com
1403,17track.net
1404,dhgate.com
1405,streamlabs.com
1407,arcot.com
1408,csfd.cz
1409,gittigidiyor.com
1410,fast-torrent.ru
1411,9anime.is
1412,oneindia.com
1413,atlassian.net
1414,pole-emploi.fr
1415,google.ba
1416,google.com.gh
1417,online-life.club
1418,autotrader.com
1419,bayt.com
1420,nextdoor.com
1421,hearthpwn.com
1422,udacity.com
1423,spankwire.com
1425,sephora.com
1426,epfindia.gov.in
1427,bluestacks.com
1428,immobilienscout24.de
1429,postbank.de
1430,rus.ec
1431,neiyi.tmall.com
1432,eset.com
1434,bs.to
1435,javbus.com
1436,infobae.com
1438,worldofwarcraft.com
1439,unsplash.com
1440,gdax.com
1441,comandotorrents.com
1442,rly-rect-appn.in
1443,urbanoutfitters.com
1444,forgeofempires.com
1445,tim.it
1446,purdue.edu
1447,sakshi.com
1448,bastillepost.com
1449,abola.pt
1450,videoyoum7.com
1451,billboard.com
1452,visualstudio.com
1453,manyvids.com
1454,marketwatch.com
1455,slate.com
1456,ceneo.pl
1457,newsweek.com
1458,sportbible.com
1459,cyol.com
1460,life.ru
1461,ameba.jp
1462,diretta.it
1463,cisco.com
1464,istockphoto.com
1465,techtudo.com.br
1466,jalopnik.com
1467,newtabtv.com
1468,movierulzfree.com
1469,digitaltrends.com
1470,cumicumi.com
1471,olymptrade.com
1472,storm.mg
1473,makeleio.gr
1474,nikkei.com
1475,moddb.com
1476,b9good.com
1477,skyscanner.net
1478,gaana.com
1479,pochta.ru
1480,sanook.com
1481,qiwi.com
1482,verizon.com
1483,getbootstrap.com
1484,unity.com
1485,aimer.tmall.com
1486,infourok.ru
1487,baskino.me
1488,myhome.tmall.com
1489,bitcointalk.org
1490,meteofrance.com
1491,soccerway.com
1492,clien.net
1493,ilbe.com
1494,adidas.tmall.com
1495,boredpanda.com
1496,mmo-champion.com
1497,tut.by
1498,liveleak.com
1499,miao.tmall.com
1500,wired.com
1501,directv.com
1502,chaoshi.tmall.com
1503,crabsecret.tmall.com
1504,vz.ru
1505,farfetch.com
1506,58b.tv
1507,fetlife.com
1508,sports.ru
1509,51cto.com
1510,setare.com
1511,cbs.com
1513,hdrezka.ag
1514,yourtemplatefinder.com
1515,freearabsexx.com
1516,dv37.com
1517,ilovepdf.com
1518,jstor.org
1519,voot.com
1520,viva.co.id
1521,semanticscholar.org
1522,farsnews.com
1523,chinatimes.com
1524,daraz.pk
1525,fastpic.ru
1526,coub.com
1527,jobrapido.com
1528,joins.com
1529,nbcsports.com
1530,schwab.com
1531,telegram.me
1532,funsafetab.com
1533,oup.com
1534,joq.al
1535,syosetu.com
1536,dstv.com
1537,torrents.me
1538,google.com.sv
1539,crhoy.com
1540,mcafee.com
1541,mail.com
1542,credit-agricole.fr
1543,bc.vc
1544,gol-network.com
1545,runescape.com
1546,searchprivacy.co
1547,disq.us
1548,variety.com
1549,ubi.com
1550,politico.com
1551,dreamstime.com
1552,launchpage.org
1553,imagebam.com
1555,wasabisyrup.com
1556,jin115.com
1557,renren.com
1558,taimienphi.vn
1559,tass.ru
1560,clips4sale.com
1561,nextlnk3.com
1562,nrk.no
1563,oceanofgames.com
1564,elintransigente.com
1565,filmix.me
1566,abc.es
1567,hujiang.com
1568,seesaa.net
1569,feebee.com.tw
1570,runtnc.net
1571,editor.wix.com
1572,malwarebytes.com
1573,houzz.com
1574,youla.io
1575,jumia.com.ng
1576,revimedia.com
1577,moradu.com
1578,fast.com
1579,tuko.co.ke
1580,herokuapp.com
1581,chosun.com
1582,lee.tmall.com
1583,qualtrics.com
1584,bitbucket.org
1585,theweathernetwork.com
1586,digitalocean.com
1587,ubisoft.com
1588,standardmedia.co.ke
1589,hotmovs.com
1590,cima4u.tv
1591,serviporno.com
1592,forever21.com
1593,axisbank.com
1594,kdnet.net
1595,bol.uol.com.br
1596,y2mate.com
1597,vox.com
1598,adf.ly
1599,51.la
1600,wittyfeed.com
1601,scroll.in
1602,tvtropes.org
1603,kakao.com
1604,javarchive.com
1605,sankei.com
1606,kukudas.com
1607,tagged.com
1608,pcpartpicker.com
1609,mixi.jp
1610,google.jo
1611,i.ua
1612,quikr.com
1613,mahaonline.gov.in
1614,programme-tv.net
1615,pinterest.jp
1616,24h.com.vn
1617,medianewpage.com
1618,grubhub.com
1619,nuvid.com
1620,justporno.tv
1621,readthedocs.io
1622,thevideo.cc
1623,nairaland.com
1624,game8.jp
1625,oyunskor.com
1626,isna.ir
1627,linktender.net
1628,astrologyanswers.com
1629,efukt.com
1630,schoology.com
1631,userscloud.com
1632,google.com.lb
1634,rvcj.com
1635,miaopai.com
1636,20minutos.es
1637,ria.com
1638,commentcamarche.net
1639,360doc.com
1640,kizi.com
1641,gidonline.in
1642,mvideo.ru
1643,dpreview.com
1644,nydailynews.com
1645,dl-protect1.com
1646,gog.com
1647,downloadastro.com
1648,rakuten-card.co.jp
1649,tabnak.ir
1650,so-net.ne.jp
1651,sbrf.ru
1652,vente-privee.com
1653,funnyjunk.com
1654,csair.com
1655,inboxace.com
1656,ghanaweb.com
1657,shadbase.com
1658,cryptopia.co.nz
1659,itmedia.co.jp
1660,donmai.us
1661,depfile.us
1662,nnm-club.me
1663,err.tmall.com
1664,danawa.com
1665,aoredi.com
1666,apartments.com
1667,skroutz.gr
1668,qyer.com
1669,pngtree.com
1670,watchcartoononline.com
1671,thedailybeast.com
1673,gofundme.com
1674,gigazine.net
1676,pussl48.com
1677,historyinorbit.com
1678,doramatv.ru
1679,hexun.com
1680,over-blog.com
1681,mp3party.net
1682,rp5.ru
1683,newtab-tv.com
1684,francetvinfo.fr
1685,coolmath-games.com
1686,tukif.com
1687,xkcd.com
1688,overstock.com
1690,makeuseof.com
1691,aftonbladet.se
1692,ennaharonline.com
1693,hotnewhiphop.com
1694,dict.cc
1695,newtab-media.com
1696,besoccer.com
1697,mayoclinic.org
1698,globaltimes.cn
1699,finn.no
1700,maybank2u.com.my
1701,newtabtvsearch.com
1702,lavanguardia.com
1703,thomann.de
1704,kenh14.vn
1705,90skidsonly.com
1706,taoche.com
1707,boardgamegeek.com
1708,reclameaqui.com.br
1709,teamviewer.com
1710,hollywoodreporter.com
1711,filelist.ro
1712,gmanetwork.com
1713,alluc.ee
1714,heavy.com
1716,aungoutsy.com
1717,abplive.in
1718,amd.com
1719,lichess.org
1720,taojindi.com
1721,elitetorrent.biz
1722,bab.la
1723,techbang.com
1724,kompasiana.com
1726,rarbgproxy.org
1728,streamable.com
1729,elespanol.com
1730,watchonlinemovies.com.pk
1731,chefkoch.de
1732,haa66855mo.club
1733,ubuntu.com
1734,sozcu.com.tr
1735,mashable.com
1736,google.com.bh
1737,getfirstcut.com
1738,bola.net
1739,idope.se
1740,miniclip.com
1741,psychologytoday.com
1742,nptel.ac.in
1743,ap.gov.in
1744,papajohns.com
1745,turbo.az
1746,pearsoncmg.com
1747,xiaomi.com
1748,oxforddictionaries.com
1749,hootsuite.com
1750,novinky.cz
1751,zooqle.com
1752,bustle.com
1753,ucoz.ru
1754,otakustream.tv
1755,jooble.org
1756,20minutes.fr
1757,rfi.fr
1758,envato.com
1760,lg.com
1761,i-register.in
1762,channelmyanmar.org
1763,porngames.adult
1764,pandora.tv
1765,watchcartoononline.io
1766,togetter.com
1767,sketchup.com
1768,lds.org
1769,piazza.com
1770,newyorker.com
1771,tipico.de
1772,mysdvvf.com
1773,zappos.com
1774,msnbc.com
1775,bola.com
1776,panet.co.il
1777,oschina.net
1778,pagalworld.info
1779,avclub.com
1780,lotterypost.com
1781,indianrail.gov.in
1782,aminoapps.com
1783,cornell.edu
1784,bahn.de
1785,raiplay.it
1786,bluehost.com
1787,chicagotribune.com
1788,teacherspayteachers.com
1789,westernjournal.com
1790,liveadexchanger.com
1791,gutefrage.net
1792,gamestop.com
1793,alohatube.com
1794,plurk.com
1795,commbank.com.au
1796,britannica.com
1797,bintang.com
1798,torrentdownloads.me
1799,dm5.com
1800,sprincipal.com
1801,viki.com
1802,olx.ro
1803,putlockers.tf
1804,estream.to
1805,kotaku.com
1806,google.ee
1807,pixlr.com
1808,365jia.cn
1809,ycombinator.com
1810,pbs.org
1811,58pic.com
1812,k2s.cc
1813,baixaki.com.br
1814,dnvod.tv
1815,collinsdictionary.com
1816,pictame.com
1817,wisc.edu
1818,books.com.tw
1819,turkiye.gov.tr
1820,uloz.to
1821,bedbathandbeyond.com
1822,tnkexchange.com
1823,fnac.com
1824,citilink.ru
1825,atwiki.jp
1826,kinoprofi.org
1827,thebuzztube.com
1828,secure-surf.net
1829,thefappeningblog.com
1830,deref-gmx.net
1831,p30download.com
1832,passportindia.gov.in
1833,mangakakalot.com
1834,ssc.nic.in
1835,arstechnica.com
1836,securecafe.com
1837,fitgirl-repacks.site
1838,yeniakit.com.tr
1839,abc.go.com
1840,cloudflare.com
1841,pornolab.net
1842,argos.co.uk
1843,computerbild.de
1844,google.com.cu
1845,sheypoor.com
1846,clickfunnels.com
1847,wowkeren.com
1848,yandex.com
1849,softpedia.com
1850,windows.net
1851,ako.am
1852,exlibrisgroup.com
1853,brazzersnetwork.com
1854,ucla.edu
1855,emp3e.com
1856,readmanga.me
1857,nios.ac.in
1858,walgreens.com
1859,filecrypt.cc
1860,futhead.com
1862,kinogb.cc
1863,poloniex.com
1864,gowatchfreemovies.to
1865,putlockers.plus
1866,tutsplus.com
1867,sagepub.com
1868,heavy-r.com
1869,tcorea.com
1871,lifebuzz.com
1872,flaticon.com
1873,freelancer.com
1874,blogspot.ru
1875,kugou.com
1876,m4ufree.tv
1877,mk.ru
1878,o2.pl
1879,google.co.ma
1880,dhl.de
1881,androidcentral.com
1882,elconfidencial.com
1883,studfiles.net
1884,hamgardi.com
1885,zimuzu.tv
1886,match.com
1887,nationalgeographic.com
1888,1und1.de
1889,zeit.de
1890,autoscout24.de
1891,life.tw
1892,ifixit.com
1893,jabong.com
1894,extratorrent.ag
1895,myfood.ltd
1896,mehrnews.com
1897,umn.edu
1898,sky.it
1899,auto.ru
1900,hdfilmcehennemi2.org
1901,sport-express.ru
1902,clarin.com
1903,spao.tmall.com
1904,pussysaga.com
1905,sofascore.com
1906,businessweekly.com.tw
1907,codeproject.com
1908,sznews.com
1909,thisav.com
1910,privat24.ua
1911,vppgamingnetwork.com
1912,change.org
1914,futbin.com
1915,lucky88.com
1916,zerohedge.com
1917,rabb.it
1918,kapook.com
1919,todaysnews.live
1920,soycarmin.com
1921,mts.ru
1922,avnori.com
1923,priceline.com
1924,livemaster.ru
1925,plarium.com
1926,grtyv.com
1927,timeout.com
1929,videolan.org
1930,znanija.com
1931,yesmovies.to
1932,jiwu.com
1933,elcomercio.com
1934,livehotty.com
1935,vemale.com
1936,1111.com.tw
1937,testbook.com
1938,literotica.com
1939,vetogate.com
1940,myegy.tv
1941,fixinst.com
1942,amazon.com.mx
1943,shareasale.com
1944,willhaben.at
1945,indiegogo.com
1946,sprint.com
1947,fazenda.gov.br
1948,academic.ru
1949,php.net
1950,square-enix.com
1951,ontvtime.ru
1952,bolly4u.cc
1953,pch.com
1954,codecademy.com
1955,resultados-futbol.com
1956,afrtrk.com
1957,realestate.com.au
1958,alimama.com
1959,mamba.ru
1960,gamersky.com
1961,npmjs.com
1962,shopee.co.id
1963,getintopc.com
1964,olx.co.id
1965,subhd.com
1966,monografias.com
1967,biblehub.com
1968,socialnewpages.com
1969,zelllwrite.com
1970,os.tc
1971,streamspn.info
1972,tap.az
1973,umich.edu
1974,alphashoppers.co
1975,eldorado.ru
1976,illinois.edu
1977,muzofond.org
1978,bigserials.to
1979,teletica.com
1980,weatherblink.com
1981,laposte.fr
1982,biglobe.ne.jp
1983,azet.sk
1984,google.cm
1985,wetteronline.de
1986,hotpepper.jp
1987,marcaapuestas.es
1988,123rf.com
1989,arduino.cc
1990,w3school.com.cn
1991,thesimsresource.com
1992,alarabonline.biz
1993,onliner.by
1994,jandan.net
1995,rockstargames.com
1996,pitchfork.com
1997,nessma.tv
1998,lynda.com
1999,clevernt.com
2000,rockmyapps.com
2002,worldfree4u.club
2003,lifehacker.ru
2005,nation.co.ke
2006,yobit.net
2007,mgid.com
2008,gomovieshub.sc
2009,britishcouncil.org
2010,file-upload.com
2011,mercadolibre.com.co
2012,film2movie.co
2014,tenki.jp
2015,caf.fr
2016,abema.tv
2017,easeus.com
2018,edmodo.com
2019,jetbrains.com
2020,adidas.com
2021,vidoza.net
2022,javfor.me
2023,sportbox.ru
2024,opentable.com
2025,iobit.com
2026,dotabuff.com
2027,tasnimnews.com
2028,hashflare.io
2029,mbc.net
2030,mosaiquefm.net
2031,jizzbunker.com
2032,cars.com
2033,msi.com
2034,zcool.com.cn
2035,roosterteeth.com
2036,trafficfactory.biz
2037,virgilio.it
2038,smugmug.com
2039,washington.edu
2040,yr.no
2041,olx.com.pk
2042,monstercrawler.com
2043,asriran.com
2044,zedo.com
2045,cracked.com
2046,deref-web-02.de
2047,skidrowreloaded.com
2048,buffstreamz.com
2049,eobot.com
2050,myvidster.com
2051,otaghkhabar24.com
2052,6park.com
2053,scotiabank.com
2054,livescience.com
2055,swagbucks.com
2056,gap.tmall.com
2057,google.com.uy
2058,pinterest.com.au
2059,masterani.me
2060,habrahabr.ru
2061,bankbazaar.com
2062,zamunda.net
2063,informer.com
2064,lastampa.it
2065,3dmgame.com
2066,ew.com
2067,jugantor.com
2068,stubhub.com
2069,garmin.com
2071,bolshoyvopros.ru
2072,pcstore.com.tw
2073,tmearn.com
2074,dominos.com
2076,lightinthebox.com
2077,blockchain.info
2078,iz.ru
2079,rei.com
2080,flightradar24.com
2081,lloydsbank.co.uk
2082,deadspin.com
2084,mega.co.nz
2085,theporndude.com
2086,gayboystube.com
2087,everydayhealth.com.tw
2088,fiuxy.bz
2089,weheartit.com
2090,star.com.tr
2091,todayhumor.co.kr
2092,marketgid.com
2093,hostgator.com
2094,usc.edu
2095,junbi-tracker.com
2096,codecanyon.net
2097,snmptn.ac.id
2098,avira.com
2099,seria-z.net
2100,maharashtra.gov.in
2101,le360.ma
2102,ebscohost.com
2103,ondramanice.io
2104,webassign.net
2106,13dl.net
2107,tamilgun.cool
2108,yinyuetai.com
2109,fivethirtyeight.com
2110,blocket.se
2112,pelispedia.tv
2113,shink.me
2114,mydealz.de
2115,hilton.com
2116,worldlifestyle.com
2117,36kr.com
2118,whitepages.com
2119,nbc.com
2120,horriblesubs.info
2121,shuglaursech.com
2122,caixabank.es
2123,virginmedia.com
2124,citibank.co.in
2125,pcmclk.com
2126,dnevnik.ru
2127,emag.ro
2128,index.hu
2129,hk01.com
2130,opensooq.com
2131,hypebeast.com
2133,turnitin.com
2134,columbia.edu
2135,telecharger-youtube-mp3.com
2136,gemius.pl
2137,citationmachine.net
2138,unam.mx
2139,macrumors.com
2140,sscnr.net.in
2141,megogo.net
2142,filmeseseriesonline.net
2143,rtve.es
2144,blog.ir
2145,114la.com
2146,mediamarkt.de
2147,eltiempo.es
2148,mangapanda.com
2150,un.org
2151,commentcamarche.com
2152,pinterest.ca
2153,just-eat.co.uk
2154,500px.com
2155,allkpop.com
2156,qwant.com
2157,cameraprive.com
2158,greatandhra.com
2159,infox.sg
2160,tvguide.com
2161,stripe.com
2162,tesco.com
2163,haberturk.com
2164,meduza.io
2165,logitech.com
2166,otvfoco.com.br
2168,iptorrents.com
2169,indishare.me
2170,labirint.ru
2171,qatarairways.com
2172,russia.tv
2173,gimmemore.com
2174,hrblock.com
2175,rappler.com
2176,moneyforward.com
2177,watch-series.io
2178,2gis.ru
2179,newgrounds.com
2180,utexas.edu
2181,iwara.tv
2182,woot.com
2183,sendspace.com
2184,247sports.com
2185,expressvpn.com
2186,colourpop.com
2187,economist.com
2188,hindustantimes.com
2189,bollywoodpapa.com
2190,smartflow.xyz
2191,pizzahut.com
2192,easyjet.com
2193,babycenter.com
2194,leo.org
2195,legacy.com
2197,maplestage.com
2198,endclothing.com
2199,made-in-china.com
2200,vodafone.de
2201,shein.com
2202,ustc.edu.cn
2203,kbb.com
2204,irib.ir
2205,rt.ru
2206,hotukdeals.com
2207,wolframalpha.com
2208,webcrawler.com
2209,planetsuzy.org
2210,coccoc.com
2212,vulture.com
2213,christian-dogma.com
2214,jalan.net
2215,tankionline.com
2216,sbicard.com
2217,medscape.com
2219,apache.org
2220,cheatsheet.com
2221,tagesschau.de
2222,leparisien.fr
2223,eonline.com
2224,to8to.com
2225,ynet.com
2226,pcworld.com
2228,lolcounter.com
2229,ajel.sa
2230,vidto.me
2231,ntdtv.kr
2232,craigslist.ca
2233,tirto.id
2234,my-hit.org
2235,searchlock.com
2236,thrillist.com
2237,4tube.com
2238,arga-mag.com
2239,linternaute.com
2240,backpage.com
2241,autotrader.co.uk
2243,sasastreams.pw
2244,wikibooks.org
2246,zi.media
2247,vanguardngr.com
2248,olx.com.eg
2249,clubic.com
2250,jkanime.net
2251,altadefinizione.pink
2252,dumpert.nl
2254,myetherwallet.com
2256,cuntwars.com
2257,torrentdvr.com
2258,wanfangdata.com.cn
2259,aglasem.com
2260,btbtdy.com
2261,sueddeutsche.de
2262,tripadvisor.it
2263,rusvesna.su
2264,ncore.cc
2265,mir-press.com
2266,pagesjaunes.fr
2267,dek-d.com
2268,tiu.ru
2269,payu.in
2271,hi.fo
2272,lcl.fr
2273,imooc.com
2274,tumangaonline.com
2275,paytmmall.com
2276,ucsd.edu
2277,gumtree.co.za
2278,constantcontact.com
2279,theworldnews.net
2280,rsc.org
2281,sunmaker.com
2282,excite.co.jp
2283,namecheap.com
2284,tripadvisor.ru
2285,oui.sncf
2286,coupang.com
2287,flirtarepertutti.com
2288,nyu.edu
2289,koreastardaily.com
2291,spanishdict.com
2292,omegle.com
2293,geforce.com
2294,inc.com
2295,yourdictionary.com
2296,symbolab.com
2297,lihkg.com
2298,freecamsexposed.com
2299,sears.com
2300,vipergirls.to
2302,himasoku.com
2303,mathxl.com
2304,wikidot.com
2305,tvn24.pl
2306,mercadolibre.com
2307,bama.ir
2308,google.hn
2309,haberler.com
2310,cdc.gov
2311,bitflyer.jp
2312,o2tvseries.com
2313,hsbc.co.uk
2314,grailed.com
2315,textifier.net
2316,btbtt.co
2317,jumia.com.eg
2318,aktuality.sk
2319,glosbe.com
2321,victoriassecret.com
2323,sabay.com.kh
2324,barnesandnoble.com
2325,hemailaccessonline.com
2326,google.tt
2327,fanfox.net
2328,rarbgmirror.xyz
2329,thenewsminute.com
2330,icims.com
2331,kshow123.net
2332,tradedoubler.com
2333,strawpoll.me
2334,znds.com
2335,hqporner.com
2336,stumbleupon.com
2337,yemek.com
2338,rollingstone.com
2339,zhaopin.com
2340,webofknowledge.com
2341,sky.de
2342,zezoomglobal.com
2343,donanimhaber.com
2344,easybib.com
2345,lianjia.com
2346,viber.com
2347,time.ir
2348,vidzi.si
2349,zee5.com
2350,jcpenney.com
2351,dhl.com
2352,riotgames.com
2353,suamusica.com.br
2354,freedownloadmanager.org
2355,kantipurdaily.com
2356,anitube.se
2357,zapmetasearch.com
2358,gigya.com
2359,barclaycardus.com
2360,grtyo.com
2361,eater.com
2362,fudan.edu.cn
2363,justwatch.com
2364,miomio.tv
2365,talk4anyone.com
2367,gleam.io
2368,utoronto.ca
2369,ru-clip.com
2371,tamin.ir
2372,cima4up.tv
2373,cc.com
2374,planetromeo.com
2375,livescores.com
2376,tomshardware.co.uk
2377,gemius.com
2378,musixmatch.com
2379,google.com.py
2380,google.com.ni
2381,phimmoi.net
2382,jmw.com.cn
2383,super.cz
2384,sporcle.com
2385,baiduccdn.com
2386,who.int
2387,probuilds.net
2388,gumtree.pl
2389,marktplaats.nl
2390,sdamgia.ru
2391,biggo.com.tw
2392,rbcroyalbank.com
2393,lodynet.com
2394,prensalibre.com
2395,atozmanuals.com
2396,aif.ru
2397,arrlnk.com
2398,moz.com
2399,anime-sharing.com
2400,barstoolsports.com
2401,careerpower.in
2402,mojang.com
2403,pozdravok.ru
2404,carlosjeurissen.com
2405,hdfilm.io
2406,giantbomb.com
2407,cams.com
2408,cnnic.cn
2409,1xntg.top
2410,easygirls.info
2411,lacaixa.es
2412,mundodeportivo.com
2413,fortnitetracker.com
2414,tt1069.com
2415,budsgunshop.com
2416,eurogamer.net
2417,lanacion.com.ar
2418,thekitchn.com
2419,sarkariexam.com
2420,watsons.tmall.com
2422,tubegalore.com
2424,juegos.com
2425,filmibeat.com
2426,rarbgmirror.org
2427,exblog.jp
2428,javfinder.is
2429,priceminister.com
2430,aweber.com
2431,ubc.ca
2432,mec.gov.br
2433,lonelyplanet.com
2434,coingecko.com
2435,edmunds.com
2436,lamoda.ru
2437,jxnews.com.cn
2438,stitchfix.com
2439,digitalspy.com
2440,it168.com
2441,moviescounter.co
2442,empflix.com
2443,coinmill.com
2444,popsugar.com
2445,privacysearch.me
2446,talk.tw
2447,6pm.com
2448,theqoo.net
2449,sbnation.com
2450,creditmutuel.fr
2451,com-macbook-secure.systems
2452,share-videos.se
2453,hpjav.com
2454,metric-conversions.org
2455,minecraftforum.net
2456,origin.com
2457,pixiv.net
2459,kissanime.ac
2460,yle.fi
2462,uymkdz9s.com
2463,cifraclub.com.br
2464,ivi.tv
2465,olx.kz
2466,thepiratebay3.org
2467,mint.com
2468,caffeinamagazine.it
2469,globalsources.com
2470,muz-color.ru
2471,yoox.com
2472,torrentmovies.co
2473,kinox.to
2474,yomiuri.co.jp
2475,monster.com
2476,netpnb.com
2477,netfind.com
2478,trustnav.com
2479,onlinekhabar.com
2480,hkgolden.com
2481,brainyquote.com
2482,topwar.ru
2483,jetblue.com
2484,movierulz.sc
2485,mangahere.cc
2486,kucoin.com
2487,khabaronline.ir
2488,9xmovies.info
2489,caisse-epargne.fr
2490,techadvisor.co.uk
2491,moe.gov.sa
2492,nexusmods.com
2493,korrespondent.net
2494,ansa.it
2497,sme.sk
2498,express.pk
2499,razerzone.com
2500,buy123.com.tw
2501,ynet.co.il
2502,moi.gov.sa
2503,lagaceta.com.ar
2504,mindbodyonline.com
2505,dummies.com
2506,truecaller.com
2507,netease.com
2508,cryptocompare.com
2509,klikbca.com
2510,windowscentral.com
2512,gds.it
2513,myscore.com.ua
2514,tf1.fr
2515,osnepal.com
2516,rtvonline.com
2517,alphacoders.com
2518,xing.al
2519,tencent.com
2520,doodle.com
2521,ero-advertising.com
2522,woman.ru
2523,hdizle.io
2525,ea3w.com
2526,deutsche-bank.de
2527,cbseneet.nic.in
2528,depositphotos.com
2529,wemakeprice.com
2530,cvs.com
2531,hdfilmifullizliyoruz.com
2532,mysql.com
2533,ahlmasrnews.com
2534,google.com.kh
2535,haxiomic.github.io
2537,liontravel.com
2538,famousbirthdays.com
2539,howstuffworks.com
2540,crictracker.com
2541,zvooq.online
2542,pornxs.com
2543,stream-direct.co
2544,xing.com
2545,sat.gob.mx
2546,t66y.com
2547,3bmeteo.com
2548,pornhubpremium.com
2549,bd24live.com
2550,testbanktest.club
2551,creativemornings.com
2552,tcgplayer.com
2553,ikinohd.club
2554,jawapos.com
2555,disney.go.com
2556,gradeup.co
2557,tparser.org
2558,dantri.com.vn
2559,labporn.com
2561,hsbc.com.hk
2562,idealista.com
2565,ing-diba.de
2566,img588.net
2567,warcraftlogs.com
2568,dizimag5.co
2569,soft98.ir
2570,boxofficemojo.com
2572,nifty.com
2573,juksy.com
2574,metoffice.gov.uk
2575,businesslnk.com
2576,dr.dk
2577,filmfanatic.com
2578,channel4.com
2579,bb.com.br
2580,fnb.co.za
2581,poiskm.co
2582,hackstore.net
2583,tororango.com
2584,syf.com
2585,khmerload.com
2586,vmall.com
2587,foursquare.com
2588,vultr.com
2589,dagbladet.no
2590,uci.edu
2591,warhistoryonline.com
2592,ameritrade.com
2593,almaany.com
2594,cas.sk
2595,wt.tmall.com
2596,collegeboard.org
2597,sport.es
2598,litres.ru
2599,readcomiconline.to
2600,users.wix.com
2601,google.ge
2602,huobi.pro
2603,ipetgroup.com
2604,marmiton.org
2605,ytlive.xyz
2606,ouest-france.fr
2607,hilltopads.net
2608,sex-and-flirt.com
2609,fasttorrent.ru
2610,f95zone.com
2611,champion.gg
2612,tunein.com
2613,google.com.cy
2615,enstage-sas.com
2616,uscis.gov
2617,vivo.sx
2618,ft.com
2619,zulily.com
2620,iciba.com
2621,bartarinha.ir
2622,ntv.ru
2623,deadline.com
2624,laposte.net
2625,staples.com
2626,safefinder.com
2627,entrepreneur.com
2628,manueljames.com
2629,squareup.com
2630,libertyvf.net
2631,kaspersky.com
2632,google.lu
2633,myreadingmanga.info
2634,encuentra24.com
2635,hollisterco.tmall.com
2636,santander.co.uk
2637,massdrop.com
2638,emirates.com
2639,mackolik.com
2640,dogdrip.net
2641,zoomit.ir
2642,gucn.tmall.com
2643,sifyitest.com
2644,check24.de
2645,songsterr.com
2646,drugs.com
2647,mtggoldfish.com
2648,tver.jp
2649,youtubemp3.to
2650,payoneer.com
2651,1movies.to
2652,panorama.com.al
2653,si.com
2654,archive.is
2655,liepin.com
2656,bom.gov.au
2657,sparknotes.com
2658,republika.co.id
2659,princeton.edu
2660,fitbit.com
2661,2ch.hk
2662,elcomercio.pe
2663,euronews.com
2664,cmu.edu
2665,faz.net
2666,cc-gate1.ru
2667,techtarget.com
2668,express.com.pk
2669,vmware.com
2670,ebay.ie
2671,seriouseats.com
2672,javtorrent.re
2673,07073.com
2675,naijaloaded.com.ng
2676,fbdown.net
2677,kshowonline.com
2678,itch.io
2679,asu.edu
2680,nitroflare.com
2681,translit.net
2682,timewarnercable.com
2683,creativemarket.com
2684,cricfree.sc
2685,here.com
2686,jeanswest.tmall.com
2687,slither.io
2688,shutterfly.com
2689,gazzetta.gr
2690,niniban.com
2691,coinx.ph
2692,mysagagame.com
2693,nouvelobs.com
2694,trustedreviews.com
2695,index.hr
2696,24video.adult
2697,eroprofile.com
2698,toutiao.com
2699,mangvieclam.com
2700,ny.gov
2702,com-macbook-repair.systems
2704,etrade.com
2705,jackjones.tmall.com
2706,thepiratefilmeshd.com
2707,secondlife.com
2708,aljazeera.com
2709,esquire.com
2710,sweetwater.com
2711,liuxue86.com
2712,saime.gob.ve
2713,vrbo.com
2715,popcornvod.com
2716,ripple.is
2717,mbank.pl
2718,icook.tw
2719,theknot.com
2721,seekingalpha.com
2722,tsite.jp
2723,proquest.com
2724,fmkorea.com
2725,linknotification.com
2726,anidub.com
2727,bittorrent.com
2728,streamcomplet.me
2729,freegame2017.com
2730,showroom-live.com
2731,musica.com
2732,videohive.net
2733,zalukaj.com
2734,wwe.com
2735,navyfederal.org
2736,usenet.nl
2737,androidauthority.com
2738,listindiario.com
2739,99114.com
2740,megafon.ru
2741,sciencemag.org
2742,24video.top
2743,duden.de
2744,dizibox1.com
2745,indiatoday.in
2746,olx.co.ao
2747,movierulz.at
2748,leroymerlin.fr
2749,dytt8.net
2750,focus.cn
2751,waploaded.com
2752,mycanal.fr
2753,instamp3x.com
2754,anyporn.com
2755,upsc.gov.in
2756,javmost.com
2757,girlsaskguys.com
2758,citibankonline.com
2759,directadvert.ru
2760,reachinst.com
2761,guildwars2.com
2762,kinja.com
2763,samsclub.com
2764,earthmusic.tmall.com
2765,larousse.fr
2766,bet365.es
2767,panduoduo.net
2768,dailystar.co.uk
2769,nextlnk5.com
2770,porn300.com
2771,allmusic.com
2772,static1.squarespace.com
2773,mos.ru
2774,futbol24.com
2775,cbslocal.com
2776,runoob.com
2777,free3dadultgames.com
2778,gta5-mods.com
2779,pcbaby.com.cn
2780,complex.com
2781,dji.com
2782,bazos.sk
2783,ren.tv
2784,panda.tv
2785,zol.com.cn
2786,orbitz.com
2787,hrloo.com
2788,shmoop.com
2790,fresherslive.com
2791,google.am
2792,3djuegos.com
2795,shopclues.com
2796,minuto30.com
2797,forever21.tmall.com
2798,pelisplus.co
2799,instiz.net
2800,photobucket.com
2801,repelis.tv
2802,consumerreports.org
2803,cool3c.com
2804,dinamalar.com
2805,bravotube.net
2806,tvp.pl
2807,shiftdelete.net
2808,lego.com
2809,putlockertv.se
2810,tripadvisor.fr
2811,societegenerale.fr
2812,mightytext.net
2813,wine-searcher.com
2814,search-privacy.online
2815,tdbank.com
2816,hi.ru
2817,dx.com
2818,indianrailways.gov.in
2819,esprit.tmall.com
2820,carsforsale.com
2821,mainichi.jp
2822,crazygames.com
2823,noaa.gov
2825,medu.ir
2826,ucdavis.edu
2827,olx.pt
2828,evolife.cn
2829,read01.com
2830,thechive.com
2831,fotor.com
2832,overdrive.com
2833,car.tmall.com
2834,adobelogin.com
2835,happyon.jp
2837,wallpaperscraft.com
2838,suumo.jp
2839,peacebird.tmall.com
2840,itau.com.br
2841,aranzulla.it
2842,colorado.edu
2843,eluniverso.com
2844,ziprecruiter.com
2845,emojipedia.org
2846,utarget.ru
2847,eslamoda.com
2848,nipic.com
2849,diaforetiko.gr
2850,songkick.com
2851,chsi.com.cn
2852,extraimage.net
2853,fontawesome.com
2854,0123movies.com
2855,miercn.com
2856,mysynchrony.com
2857,blick.ch
2858,rakuten.com
2859,fdj.fr
2860,dunyanews.tv
2861,126.com
2862,nudevista.com
2863,raspberrypi.org
2864,2conv.com
2865,trademe.co.nz
2866,syri.net
2867,flightaware.com
2868,tp-link.com
2869,tvboxnow.com
2870,baomoi.com
2871,segodnya.ua
2872,amctheatres.com
2873,cuon.io
2874,solvusoft.com
2875,dickssportinggoods.com
2876,hln.be
2878,licindia.in
2879,finalfantasyxiv.com
2880,jumia.ma
2881,dcfever.com
2882,mercadolivre.com
2883,lazada.vn
2884,tiscali.it
2885,up.nic.in
2886,filgoal.com
2887,myfedloan.org
2888,bien.hu
2889,goodgamestudios.com
2890,serialssolutions.com
2891,ihg.com
2892,agar.io
2893,imtranslator.net
2894,ozbargain.com.au
2895,eurosport.fr
2896,telegra.ph
2897,triumph.tmall.com
2898,rivalo.com
2899,torrentfreak.com
2900,watch.tmall.com
2901,snopes.com
2902,ana.co.jp
2903,inoreader.com
2904,alarabiya.net
2905,n-tv.de
2906,kdslife.com
2907,vix.com
2908,digg.com
2909,geico.com
2910,hugedomains.com
2911,po-kaki-to.com
2912,superanimes.site
2913,imis.tmall.com
2914,nymag.com
2916,autotimes.com.cn
2917,pcbeta.com
2918,easports.com
2919,altema.jp
2920,porntube.com
2921,xiachufang.com
2922,addtoany.com
2923,polit.info
2924,opera.com
2925,cibc.com
2926,51hejia.com
2927,zozo.jp
2928,samehadaku.tv
2929,yummyanime.com
2930,1001fonts.com
2931,thepaper.cn
2932,mapquest.com
2933,sammobile.com
2934,damoface.com
2935,russianfood.com
2936,infoseek.co.jp
2937,hdeuropix.com
2938,torrent-games.net
2939,bsnl.in
2940,91jm.com
2941,seaofthieves.com
2943,hanime.tv
2944,ytmp3.cc
2945,dramafever.com
2946,nuomi.com
2947,travelocity.com
2948,disp.cc
2949,interfax.ru
2951,mihanblog.com
2953,sedty.com
2954,archdaily.com
2955,islamweb.net
2956,google.com.bd
2957,loverslab.com
2958,wmtransfer.com
2960,bmo.com
2961,livetvcdn.net
2962,hdvidzpro.pro
2963,musicpleer.bz
2964,tgju.org
2965,thisvid.com
2966,sep.gob.mx
2967,clckads.com
2968,trackmkxoffers.se
2969,vexmovies.org
2970,masterads.info
2971,commerzbank.de
2972,clicknupload.org
2973,freemake.com
2975,keezmovies.com
2976,tamu.edu
2977,bangumi.tv
2978,588ku.com
2979,cabelas.com
2981,cosmopolitan.com
2982,bancobrasil.com.br
2983,piliapp.com
2984,celebjihad.com
2985,ticketfly.com
2986,thevintagenews.com
2987,bancadigitalbod.com
2988,rutgers.edu
2989,musescore.com
2990,tripadvisor.in
2991,letterboxd.com
2992,aljazeera.net
2993,newbalance.tmall.com
2994,gsmhosting.com
2995,18183.com
2996,medicinenet.com
2997,gfan.com
2998,beeline.ru
2999,joemonster.org
3000,google.com.np
3001,obozrevatel.com
3002,123moviestube.io
3003,bankersadda.com
3004,shahrekhabar.com
3005,bet365.it
3006,analdin.com
3007,katfile.com
3008,nikkeibp.co.jp
3009,coindesk.com
3010,lossoffers.com
3011,bravo-dog.com
3012,pentapostagma.gr
3013,game888888888.com
3014,ilgiornale.it
3015,css-tricks.com
3016,cuny.edu
3017,tvmuse.com
3018,aksalser.com
3019,3movs.com
3020,alquds.co.uk
3021,plusdede.com
3022,ig.com.br
3023,webmoney.ru
3024,sarayanews.com
3025,eldiario.es
3026,corotos.com.do
3027,fragrantica.com
3028,cwtv.com
3029,isubtitles.in
3030,rg.ru
3031,chomikuj.pl
3032,movavi.com
3033,wikispaces.com
3034,alfalfalfa.com
3035,javhdporn.com
3036,bpi.ir
3037,vsetop.com
3038,gainreel.tmall.com
3039,urfs.tmall.com
3040,extremetube.com
3041,upenn.edu
3042,4k-filmes.com
3043,oke.io
3044,lidl.de
3045,autozone.com
3046,starbucks.com
3047,viralinindia.net
3048,jagran.com
3049,9tsu.com
3050,netgear.com
3051,bytefence.com
3052,1xqib.top
3053,qz.com
3054,acer.com
3055,giga.de
3056,focus123.cn
3057,multitran.ru
3058,crowdworks.jp
3059,cafe24.com
3060,joinhoney.com
3061,airbnb.co.uk
3063,hitbtc.com
3064,punchng.com
3065,gogy.com
3066,srt.am
3068,protothema.gr
3069,torrentday.com
3071,world.tmall.com
3072,delfi.lv
3073,history.com
3074,farpost.ru
3075,gelocal.it
3076,taroot-rangi.com
3077,ilsole24ore.com
3079,90tv.ir
3080,smh.com.au
3081,radikal.ru
3082,findgofind.co
3083,balkanweb.com
3084,tv2.no
3085,hackerrank.com
3086,criteo.com
3087,zalando.de
3088,slideplayer.com
3089,systemrequirementslab.com
3090,abv.bg
3091,refinery29.com
3092,jcrew.com
3093,lastpass.com
3094,javatpoint.com
3095,faceit.com
3096,fakaza.com
3097,denizhaber.com.tr
3098,indiarailinfo.com
3099,modiseh.com
3100,ncr.ir
3101,indeed.co.uk
3102,nike.tmall.com
3103,planetminecraft.com
3104,epictorrents.com
3105,gamy.jp
3106,worldoftanks.com
3107,gq.com
3109,warframe.com
3110,delfi.lt
3111,lining.tmall.com
3112,b54m4qbmt0b9.com
3113,nalog.ru
3114,kora-online.tv
3115,bestbuy.ca
3116,newsnow.co.uk
3117,ntdtv.com
3118,greatlovers942.blogspot.in
3119,tawk.to
3120,lowyat.net
3121,tecmundo.com.br
3122,battlefield.com
3123,boursorama.com
3124,blog.163.com
3125,vip.com
3126,appfolio.com
3128,postimg.org
3129,surrenderat20.net
3130,zimbra.free.fr
3131,123movies.cafe
3132,doordash.com
3133,clksc.com
3134,lyricstranslate.com
3135,definition.org
3136,blackdoctor.org
3137,cna.com.tw
3138,lacuerda.net
3139,soccervista.com
3141,wolfram.com
3142,hkjc.com
3143,movistar.es
3144,vagalume.com.br
3145,hdpopcorns.com
3146,pcgamesn.com
3147,google.co.mz
3148,house365.com
3149,vistaprint.com
3150,theringer.com
3151,sitepoint.com
3152,uw.edu
3153,jia.tmall.com
3155,offerup.com
3156,book.tmall.com
3157,politexpert.net
3158,wizzair.com
3159,search-privacy.store
3160,jav101.com
3161,playoverwatch.com
3162,socimage.com
3164,worldcat.org
3165,vogue.com.tw
3166,bigcartel.com
3167,quizalert.com
3168,yy.com
3169,pussl4.com
3170,sonhoo.com
3171,startv.com.tr
3172,interpark.com
3173,eciresults.nic.in
3174,definicion.de
3175,arte.tv
3176,answers.com
3177,tvzvezda.ru
3178,eyaculatormovies.com
3179,kolonsport.tmall.com
3180,hearthstonetopdecks.com
3181,banquepopulaire.fr
3182,kanald.com.tr
3183,viu.com
3184,google.co.bw
3185,wikifeet.com
3186,crunchbase.com
3187,onelogin.com
3188,primosearch.com
3189,dyson.tmall.com
3190,citruspay.com
3191,nanxie.tmall.com
3192,unblockall.org
3193,ssc-cr.org
3194,price.com.hk
3195,putlockerstv.ac
3197,imagevenue.com
3198,nationalrail.co.uk
3199,pptv.com
